<?xml version="1.0" encoding="UTF-8"?>
<jcr:root xmlns:sling="http://sling.apache.org/jcr/sling/1.0"
		  xmlns:jcr="http://www.jcp.org/jcr/1.0" xmlns:cq="http://www.day.com/jcr/cq/1.0"
		  xmlns:nt="http://www.jcp.org/jcr/nt/1.0" xmlns:granite="http://www.adobe.com/jcr/granite/1.0"
		  jcr:primaryType="nt:unstructured"
		  jcr:title="Column Control"
		  sling:resourceType="cq/gui/components/authoring/dialog">
	<content
			jcr:primaryType="nt:unstructured"
			sling:resourceType="granite/ui/components/coral/foundation/container">
		<items jcr:primaryType="nt:unstructured">
			<tabs
					jcr:primaryType="nt:unstructured"
					sling:resourceType="granite/ui/components/coral/foundation/tabs"
					maximized="{Boolean}true">
				<items jcr:primaryType="nt:unstructured">
					<properties
							jcr:primaryType="nt:unstructured"
							jcr:title="Properties"
							sling:resourceType="granite/ui/components/coral/foundation/container"
							margin="{Boolean}true">
						<items jcr:primaryType="nt:unstructured">
							<columns
									jcr:primaryType="nt:unstructured"
									sling:resourceType="granite/ui/components/coral/foundation/fixedcolumns"
									margin="{Boolean}true">
								<items jcr:primaryType="nt:unstructured">
									<column
											jcr:primaryType="nt:unstructured"
											sling:resourceType="granite/ui/components/coral/foundation/container">
										<items jcr:primaryType="nt:unstructured"
											   sling:hideChildren="[layout,backgroundColor,backgroundColorSwatchesOnly,backgroundImageAsset,id,accessibilityLabel,roleAttribute]">
											<column-layout
													jcr:primaryType="nt:unstructured"
													sling:resourceType="granite/ui/components/coral/foundation/form/select"
													fieldLabel="Column Layout"
													name="./columnLayout">
												<items
														jcr:primaryType="nt:unstructured">
													<item0 jcr:primaryType="nt:unstructured"
														text="Two Columns: 50% Even"
														value="--50"/>
													<item1
														jcr:primaryType="nt:unstructured"
														text="Two Columns: 75% / 25%"
														value="--75-25"/>
													<item2
														jcr:primaryType="nt:unstructured"
														text="Two Columns: 25% / 75%"
														value="--25-75"/>
													<item3
														jcr:primaryType="nt:unstructured"
														text="Four Columns: 25% Even"
														value="--25"/>
													<item4
														jcr:primaryType="nt:unstructured"
														text="Three Columns: 33% Even"
														value="--33"/>
												</items>
											</column-layout>
										</items>
									</column>
								</items>
							</columns>
						</items>
					</properties>
				</items>
			</tabs>
		</items>
	</content>
</jcr:root>